{
  "mean": [
    0.47981539368629456,
    0.45489224791526794,
    0.4050229787826538
  ],
  "std": [
    0.22922536730766296,
    0.22570055723190308,
    0.22617478668689728
  ]
}